{"cameraMode":{"drawMode":0,"name":"Shaded","section":"Shading Mode"},"sceneLighting":true,"audioPlay":false,"sceneViewState":{"showFog":true,"showMaterialUpdate":false,"showSkybox":false,"showFlares":true,"showImageEffects":true,"showParticleSystems":true},"in2DMode":false,"pivot":{"x":-6.58574104309082,"y":49.863487243652347,"z":97.21195220947266},"rotation":{"x":0.15582500398159028,"y":-0.8303961753845215,"z":0.45182687044143679,"w":0.28638797998428347},"size":106.3271484375,"orthographic":false}