{"cameraMode":{"drawMode":0,"name":"Shaded","section":"Shading Mode"},"sceneLighting":true,"audioPlay":false,"sceneViewState":{"showFog":true,"showMaterialUpdate":false,"showSkybox":false,"showFlares":true,"showImageEffects":true,"showParticleSystems":true},"in2DMode":false,"pivot":{"x":-27.090782165527345,"y":35.25963592529297,"z":-24.348861694335939},"rotation":{"x":0.0007885816739872098,"y":-0.9958347082138062,"z":-0.008654505014419556,"w":-0.09076491743326187},"size":529.8152465820313,"orthographic":false}